Listing ID,Title,Listing Price,Component,Component ID,Used Min,Used Max,New Price,Diff %,Diff $,Source URL,Created At
"05c6ec95-f0dd-48f9-bbe0-4c6cbc25a7e5","[WTS] [USA-ID] [H] Modhouse Tungsten DS V1 with Upgrades [W] Paypal",2500,"Tin HiFi T3 Plus","ee9478b2-c0fb-47fc-aaf6-23aedf73d497",42,56,70,4364,2444,"https://www.reddit.com/r/AVexchange/comments/1oivmsx/wts_usaid_h_modhouse_tungsten_ds_v1_with_upgrades/","2025-11-09T03:47:17.096316+00:00"
"92cc029a-f221-4253-950d-2d1b4c33339f","[WTS] [USA-NC] [H] DJI phantom 4 advanced plus falcon package [w] PayPal, Venmo, or cash",1200,"Tin HiFi T3 Plus","ee9478b2-c0fb-47fc-aaf6-23aedf73d497",42,56,70,2043,1144,"https://www.reddit.com/r/AVexchange/comments/1ok7oax/wts_usanc_h_dji_phantom_4_advanced_plus_falcon/","2025-11-09T03:47:14.69904+00:00"
"40270d37-ced9-4154-beee-03996ac83405","[WTS] [US-MN] [H] Fall Cleaning! Variety Headphones and IEMs (Sony MDR-Z1R, DCA Aeon Closed X, DT770 250 Ohm, etc.) [W] Paypal G&amp;S, possible trades",1100,"Tin HiFi T3 Plus","ee9478b2-c0fb-47fc-aaf6-23aedf73d497",42,56,70,1864,1044,"https://www.reddit.com/r/AVexchange/comments/1oql2ok/wts_usmn_h_fall_cleaning_variety_headphones_and/","2025-11-07T05:16:26.531495+00:00"
"53d9ef4c-b69a-4c52-bc1a-8333ef0ab455","[WTS] [USA-IL] [H]Complete Filmmaker Kit â€“ Blackmagic 6K Pro + Sigma Lenses + Tilta Rig + More! [W] $6050 for everything",1850,"Nothing Ear (2)","c86c7237-474e-4edc-b5e8-dc018d1ed8d1",90,120,150,1442,1730,"https://www.reddit.com/r/AVexchange/comments/1nr57su/wts_usail_hcomplete_filmmaker_kit_blackmagic_6k/","2025-10-12T23:55:37.501349+00:00"
"9261cf29-9110-414c-b533-6fae2ecf2cf9","AKG K702 Open-back Studio Reference Headphones (5-pack) Bundle",2145,"AKG K702","c3e6a49e-0d08-4eb5-ae4f-818cc402748e",130,170,199,1162,1975,"https://reverb.com/item/55316012-akg-k702-open-back-studio-reference-headphones-5-pack-bundle","2025-11-05T19:09:26.382912+00:00"
"28708b4f-dba8-4d95-9900-00ceadfaeb6f","[WTS][US-IL][H] Tin HIFI: T2, T3, T4, BLON BL03 chi-fi classics with upgraded cables [W]OBO cash app/venmo PayPal F&amp;F only",1000,"Tin HiFi T4","58acb281-8b5b-4fb4-b4a0-d0f3bc3497f6",66,88,110,1036,912,"https://www.reddit.com/r/AVexchange/comments/1nh0jna/wtsusilh_tin_hifi_t2_t3_t4_blon_bl03_chifi/","2025-10-12T23:45:09.774505+00:00"
"22c09be3-f8b7-49da-b322-b376b382e574","[WTS][US-NC][H] Primare SC15 Wisa Streamer [W] PayPal, Zelle",600,"Tin HiFi T3 Plus","ee9478b2-c0fb-47fc-aaf6-23aedf73d497",42,56,70,971,544,"https://www.reddit.com/r/AVexchange/comments/1om1iyn/wtsusnch_primare_sc15_wisa_streamer_w_paypal_zelle/","2025-11-09T03:43:05.614157+00:00"
"b2380440-3ad4-47a8-8f2f-3873bfad02d1","[WTS][USA-NH][H]MiniDSP DDRC-24 including Wi-DG Module, Umik-1 and full Dirac Live [W]PayPal G&amp;S/F&amp;F",524,"Tin HiFi T3 Plus","ee9478b2-c0fb-47fc-aaf6-23aedf73d497",42,56,70,836,468,"https://www.reddit.com/r/AVexchange/comments/1obppn2/wtsusanhhminidsp_ddrc24_including_widg_module/","2025-11-09T03:47:37.235082+00:00"
"29f9bfe4-11c2-48e2-9464-15324edaf521","[WTS] [USA-GA] [H] Focal Clear OG, Focal Celestee, Dunu SA6 MK2/MKII [W] Paypal",510,"Tin HiFi T3 Plus","ee9478b2-c0fb-47fc-aaf6-23aedf73d497",42,56,70,811,454,"https://www.reddit.com/r/AVexchange/comments/1oumerx/wts_usaga_h_focal_clear_og_focal_celestee_dunu/","2025-11-11T21:46:37.822119+00:00"
"7aa799b2-4f30-4335-8d48-e85b80c28a17","AKG K702 Open-back Studio Reference Headphones (3-pack) Bundle",1287,"AKG K702","c3e6a49e-0d08-4eb5-ae4f-818cc402748e",130,170,199,657,1117,"https://reverb.com/item/55316216-akg-k702-open-back-studio-reference-headphones-3-pack-bundle","2025-11-05T19:09:26.246358+00:00"
"b703779c-6a34-4fd8-98d6-bc65dc1caf3a","Sony MDR-Z1R - Black",1750,"Sony MDR-1AM2","f9e84df0-ad35-43da-8ffd-a88338fcbae2",180,240,300,629,1510,"https://reverb.com/item/92565886-sony-mdr-z1r-black","2025-11-05T19:23:37.703371+00:00"
"4b0afce0-fe85-4795-8e5c-e5bf77178d4c","Audeze LCD-5 Open-Back Planar Magnetic Headphones",4500,"Audeze LCD-2 Classic","eaa05830-4e6d-4900-b813-747353e4abf6",500,650,799,592,3850,"https://reverb.com/item/92302658-audeze-lcd-5-open-back-planar-magnetic-headphones","2025-11-05T19:09:52.23168+00:00"
"158861b7-f247-48a6-979d-60678da70e4a","Audeze LCD-5 Open-Back Planar Magnetic Headphones",4500,"Audeze LCD-2 Classic","eaa05830-4e6d-4900-b813-747353e4abf6",500,650,799,592,3850,"https://reverb.com/item/86529645-audeze-lcd-5-open-back-planar-magnetic-headphones","2025-11-05T19:09:53.509714+00:00"
"ddc1b3ec-cb2e-4743-919d-38f1d8e1f5c3","[WTS] [US-PA] [H] Shanling M8T [W] PayPal",925,"iFi Zen CAN","76375bb2-c10b-4b64-ae30-2a8394114929",98,136,160,580,789,"https://www.reddit.com/r/AVexchange/comments/1nzr2h9/wts_uspa_h_shanling_m8t_w_paypal/","2025-10-12T23:46:33.037712+00:00"
"5405e3ff-36b9-4f8e-8781-8883ad81feb5","[WTS][USA-MA][H]Sony WH-1000XM6, Grado RS2i, AKG K371, Fiio FT1, Bricasti MC1 [W]PayPal or other forms of payment, trade Grado Hemp for the RS2i",340,"Tin HiFi T3 Plus","ee9478b2-c0fb-47fc-aaf6-23aedf73d497",42,56,70,507,284,"https://www.reddit.com/r/AVexchange/comments/1odhvg1/wtsusamahsony_wh1000xm6_grado_rs2i_akg_k371_fiio/","2025-10-23T03:01:08.903737+00:00"
"207f9034-4275-4b22-8230-76eca77cc22b","[WTS] [USA-NJ] [H] Focal Clear MG, JDS Labs Element IV, Hifiman EF500 [W] Paypal, Cash",680,"JDS Labs Atom DAC+","a51ded88-d49f-4f12-ac12-f01fc9c6c790",84,119,null,471,561,"https://www.reddit.com/r/AVexchange/comments/1nwesv0/wts_usanj_h_focal_clear_mg_jds_labs_element_iv/","2025-10-12T23:50:02.495718+00:00"
"b0573c3c-be21-4fc9-a547-41a85c6a4de8","Audeze LCD-5 2020's",3700,"Audeze LCD-2 Classic","eaa05830-4e6d-4900-b813-747353e4abf6",500,650,799,469,3050,"https://reverb.com/item/90970781-audeze-lcd-5-2020-s","2025-11-05T19:09:52.532721+00:00"
"728bec2e-f4ef-439b-a6c8-a2c829f0c06c","[WTS][USA-CA] [H] Focal Clear OG, Modi+, Magni piety, Hart Audio Cable [W] PayPal",675,"Schiit Modi+","1b749578-e5b2-459c-9095-8f5b1b00e921",84,119,null,467,556,"https://www.reddit.com/r/AVexchange/comments/1nn8dlp/wtsusaca_h_focal_clear_og_modi_magni_piety_hart/","2025-10-12T23:49:59.804129+00:00"
"4818ec1f-d62d-4a64-9714-ad7f8c7bc6b8","Audeze LCD-5",3495,"Audeze LCD-2 Classic","eaa05830-4e6d-4900-b813-747353e4abf6",500,650,799,438,2845,"https://reverb.com/item/86236712-audeze-lcd-5","2025-11-05T19:09:52.813024+00:00"
"ad26082f-441d-4a8c-86a0-3aefc497aaba","AKG K702 Open-back Studio Reference Headphones (2-pack) Bundle",858,"AKG K702","c3e6a49e-0d08-4eb5-ae4f-818cc402748e",130,170,199,405,688,"https://reverb.com/item/55315995-akg-k702-open-back-studio-reference-headphones-2-pack-bundle","2025-11-05T19:09:26.10795+00:00"
"7d634aab-1d45-41de-ab1f-2a97ae19e804","[WTS][USA-CA][H]DCA Voce + Technic AZ80 +Meze 105 AER + Nikon D600 with lens and accessories [W] Paypal",1000,"Apple AirPods Pro 2","1a9f3ff5-e240-4ece-bce9-6cfbea2d5d4a",150,200,250,400,800,"https://www.reddit.com/r/AVexchange/comments/1o8ua2v/wtsusacahdca_voce_technic_az80_meze_105_aer_nikon/","2025-10-18T02:52:48.869968+00:00"
"f9278896-e0ec-495f-ba99-96ff0e7cd54b","[WTS][US-FL][H] Dan Clark Noire X, FiiO K5 Pro [W] PayPal",750,"FiiO K5 Pro ESS","a6f64b14-62a3-40e0-8ffc-e36c4ea0cc51",110,150,null,400,600,"https://www.reddit.com/r/AVexchange/comments/1nwnvvl/wtsusflh_dan_clark_noire_x_fiio_k5_pro_w_paypal/","2025-10-12T23:51:51.710754+00:00"
"d17b2449-7e1a-4dbc-a2be-45368ed94a63","[WTS] [US-PA] [H] Sennheiser IE600, Moondrop Blessing 3, Moondrop Aria [W] Paypal. Shipping with USPS",375,"Moondrop Aria","d2d0df43-1ada-41f4-8192-ccc49bad3da1",60,80,null,369,295,"https://www.reddit.com/r/AVexchange/comments/1nispw3/wts_uspa_h_sennheiser_ie600_moondrop_blessing_3/","2025-10-12T23:45:37.074602+00:00"
"990e6fa8-a35e-4a9a-91e1-3868fa638f13","[WTS][US-MN][H]Thieaudio Origin [w] PayPal shipped to USA only",620,"iFi Zen CAN","76375bb2-c10b-4b64-ae30-2a8394114929",98,136,160,356,484,"https://www.reddit.com/r/AVexchange/comments/1nzosnd/wtsusmnhthieaudio_origin_w_paypal_shipped_to_usa/","2025-10-12T23:46:33.316482+00:00"
"73fb26e7-22d4-40bd-8d62-8a3de1f494cd","Audeze LCD-4z",2699,"Audeze LCD-2 Classic","eaa05830-4e6d-4900-b813-747353e4abf6",500,650,799,315,2049,"https://reverb.com/item/92887640-audeze-lcd-4z","2025-11-05T19:09:53.942656+00:00"
"d63fc931-bdc9-4c23-aabf-80d3f577ba3c","[WTS] [US-KS] [H] Sennheiser HD 6XX, Qudelix-5k [W] PayPal",150,"Sennheiser HE-1","ad1e09e7-7017-4b28-81aa-ab75556261ff",35400,47200,59000,100,35250,"https://www.reddit.com/r/AVexchange/comments/1oe4z4a/wts_usks_h_sennheiser_hd_6xx_qudelix5k_w_paypal/","2025-10-24T03:04:41.91877+00:00"
"40ef6923-7907-4c61-ad44-81d9939a1a33","Sennheiser AM 2 Antenna Front Mount Kit",55,"Sennheiser HE-1","ad1e09e7-7017-4b28-81aa-ab75556261ff",35400,47200,59000,100,35345,"https://reverb.com/item/72823650-sennheiser-am-2-antenna-front-mount-kit","2025-11-05T19:22:22.95795+00:00"
"46ca83c7-f8f1-4770-8af7-9a03349ee607","[WTS] [US-CA] [H] Sennheiser HD 6XX [W] PayPal",145,"Sennheiser HE-1","ad1e09e7-7017-4b28-81aa-ab75556261ff",35400,47200,59000,100,35255,"https://www.reddit.com/r/AVexchange/comments/1oq9zv1/wts_usca_h_sennheiser_hd_6xx_w_paypal/","2025-11-09T03:42:52.84914+00:00"
"f6fc6159-09a1-4d35-ac9b-529baacff194","[WTS] [US-TX] [H] Sennheiser IE 200, Budget IEM bundle [W] PayPal G&amp;S",100,"Sennheiser HE-1","ad1e09e7-7017-4b28-81aa-ab75556261ff",35400,47200,59000,100,35300,"https://www.reddit.com/r/AVexchange/comments/1olv1yu/wts_ustx_h_sennheiser_ie_200_budget_iem_bundle_w/","2025-11-09T03:43:07.556744+00:00"
"cd9f03b8-7314-4b2c-a285-d2c0728c0b55","[WTS] [US-IN] [H] Sennheiser 6xx &amp; JDS Atom $175 shipped [W] PayPal",175,"Sennheiser HE-1","ad1e09e7-7017-4b28-81aa-ab75556261ff",35400,47200,59000,100,35225,"https://www.reddit.com/r/AVexchange/comments/1ol862e/wts_usin_h_sennheiser_6xx_jds_atom_175_shipped_w/","2025-11-09T03:43:08.668267+00:00"
"332ed332-7a84-4cd7-bb6a-5b83757f5899","[WTS][NZ-DUD][H] Sennheiser IE 600 [W] Paypal, Wise",400,"Sennheiser HE-1","ad1e09e7-7017-4b28-81aa-ab75556261ff",35400,47200,59000,99,35000,"https://www.reddit.com/r/AVexchange/comments/1ot6qzn/wtsnzdudh_sennheiser_ie_600_w_paypal_wise/","2025-11-10T09:18:13.881769+00:00"
"94749e2f-276c-4b91-80ef-a9926879bf3a","[WTS] [USA-CA] [H] Sennheiser HD600 [W] PayPal, Local Cash",225,"Sennheiser HE-1","ad1e09e7-7017-4b28-81aa-ab75556261ff",35400,47200,59000,99,35175,"https://www.reddit.com/r/AVexchange/comments/1ouxb0t/wts_usaca_h_sennheiser_hd600_w_paypal_local_cash/","2025-11-12T09:16:58.530031+00:00"
"f565498b-abf7-47cf-a2e2-b635b8b657df","Sennheiser XSW-D Portable Lavalier Mobile Kit",349,"Sennheiser HE-1","ad1e09e7-7017-4b28-81aa-ab75556261ff",35400,47200,59000,99,35051,"https://reverb.com/item/72000297-sennheiser-xsw-d-portable-lavalier-mobile-kit","2025-11-05T19:22:20.903201+00:00"
"261a3d8b-65ee-487d-9428-93c8d9d5fe15","Sennheiser XSW 1-835 Handheld Wireless System - A Range, 548-572 MHz",379,"Sennheiser HE-1","ad1e09e7-7017-4b28-81aa-ab75556261ff",35400,47200,59000,99,35021,"https://reverb.com/item/10490669-sennheiser-xsw-1-835-handheld-wireless-system-a-range-548-572-mhz","2025-11-05T19:22:21.947642+00:00"
"72adeaaf-035b-4183-a2ff-6799c278cd42","Sennheiser XSW-D Portable Lavalier Mobile Kit",349,"Sennheiser HE-1","ad1e09e7-7017-4b28-81aa-ab75556261ff",35400,47200,59000,99,35051,"https://reverb.com/item/53275377-sennheiser-xsw-d-portable-lavalier-mobile-kit","2025-11-05T19:22:23.242166+00:00"
"8368a742-785f-4016-9b5d-9367c76f68f0","[WTS][USA-PA][H] Brand New Sennheiser HD560s [W] Paypal/Trades",270,"Sennheiser HE-1","ad1e09e7-7017-4b28-81aa-ab75556261ff",35400,47200,59000,99,35130,"https://www.reddit.com/r/AVexchange/comments/1oqcf11/wtsusapah_brand_new_sennheiser_hd560s_w/","2025-11-09T03:42:52.590293+00:00"
"54429814-fb16-4f16-bb2f-4e0ef259f30b","[WTS] [USA-ID] [H] Sennheiser IE 600 [W] Paypal",450,"Sennheiser HE-1","ad1e09e7-7017-4b28-81aa-ab75556261ff",35400,47200,59000,99,34950,"https://www.reddit.com/r/AVexchange/comments/1oi0qn6/wts_usaid_h_sennheiser_ie_600_w_paypal/","2025-11-09T03:47:20.215423+00:00"
"45b3219d-225a-47dd-a16e-24b5620d6274","[WTS][US-NJ][H] Sennheiser HD 650 [W] PayPal",250,"Sennheiser HE-1","ad1e09e7-7017-4b28-81aa-ab75556261ff",35400,47200,59000,99,35150,"https://www.reddit.com/r/AVexchange/comments/1oomikb/wtsusnjh_sennheiser_hd_650_w_paypal/","2025-11-09T03:42:56.560443+00:00"
"0e3a7609-f175-47b8-86a9-b444bf9f2890","[WTS] [US-MN] [H] Audeze Maxwell, Fiio FT1, Sennheiser HD 6XX [W] PayPal G&amp;S",200,"Sennheiser HE-1","ad1e09e7-7017-4b28-81aa-ab75556261ff",35400,47200,59000,99,35200,"https://www.reddit.com/r/AVexchange/comments/1ol4ofz/wts_usmn_h_audeze_maxwell_fiio_ft1_sennheiser_hd/","2025-11-09T03:43:08.738648+00:00"
"9e71ac3d-2d65-47e7-9100-7688bcbc79c3","[WTS] [US-CA] [H] Sennheiser IE 600 [W] Paypal",375,"Sennheiser HE-1","ad1e09e7-7017-4b28-81aa-ab75556261ff",35400,47200,59000,99,35025,"https://www.reddit.com/r/AVexchange/comments/1ocr9dt/wts_usca_h_sennheiser_ie_600_w_paypal/","2025-11-09T03:47:33.840735+00:00"
"8e6c2f27-0db6-47d9-9532-9d3c907e87db","[WTS][USA-VT][H]Sennheiser  HD600s &amp; Schitt Magni Amp. [W]Paypal",235,"Sennheiser HE-1","ad1e09e7-7017-4b28-81aa-ab75556261ff",35400,47200,59000,99,35165,"https://www.reddit.com/r/AVexchange/comments/1ocp0tw/wtsusavthsennheiser_hd600s_schitt_magni_amp/","2025-11-09T03:47:34.365067+00:00"
"2d13aa4b-87ac-4503-904e-1a04850d3c78","[WTS] [US-CA] [H] sennheiser HD800S [W] PayPal",800,"Sennheiser HE-1","ad1e09e7-7017-4b28-81aa-ab75556261ff",35400,47200,59000,98,34600,"https://www.reddit.com/r/AVexchange/comments/1oplzgc/wts_usca_h_sennheiser_hd800s_w_paypal/","2025-11-06T02:51:00.532808+00:00"
"2e3cff41-a9da-46d0-b35a-fe9be3c5fadb","[WTS] [US-KS] [H] Sennheiser HD800S [W] PayPal",800,"Sennheiser HE-1","ad1e09e7-7017-4b28-81aa-ab75556261ff",35400,47200,59000,98,34600,"https://www.reddit.com/r/AVexchange/comments/1osydd9/wts_usks_h_sennheiser_hd800s_w_paypal/","2025-11-10T02:45:33.57876+00:00"
"ceee0c65-7f18-483c-8ea7-38187174af5b","[WTS] [USA-CA] [H] Sennheiser HD800 [W] PayPal",725,"Sennheiser HE-1","ad1e09e7-7017-4b28-81aa-ab75556261ff",35400,47200,59000,98,34675,"https://www.reddit.com/r/AVexchange/comments/1ospfow/wts_usaca_h_sennheiser_hd800_w_paypal/","2025-11-09T21:12:19.543562+00:00"
"0bed9bf4-cfdb-4197-9993-6c97ad5b35a5","[WTS][USA-CA][H] Sennheiser HD800S [W] PayPal $850",850,"Sennheiser HE-1","ad1e09e7-7017-4b28-81aa-ab75556261ff",35400,47200,59000,98,34550,"https://www.reddit.com/r/AVexchange/comments/1ohxpgd/wtsusacah_sennheiser_hd800s_w_paypal_850/","2025-10-28T03:07:36.196524+00:00"
"2c87cf29-f4e2-491f-9d45-75e6270cfd1a","[WTS] [US-TX] [H] A bunch of audio gear [W] Paypal F&amp;F G&amp;S,local",550,"Sennheiser HE-1","ad1e09e7-7017-4b28-81aa-ab75556261ff",35400,47200,59000,98,34850,"https://www.reddit.com/r/AVexchange/comments/1oh4tcd/wts_ustx_h_a_bunch_of_audio_gear_w_paypal_ff/","2025-10-28T03:05:34.118172+00:00"
"9009ffa4-6554-4def-afee-b413ed3b8437","[WTS] [USA-IL] [H] Hifiman HE1000 v2, Topping A90D, Sennheiser mk4 [W] Paypal, local cash",900,"Sennheiser HE-1","ad1e09e7-7017-4b28-81aa-ab75556261ff",35400,47200,59000,97,34500,"https://www.reddit.com/r/AVexchange/comments/1ockij9/wts_usail_h_hifiman_he1000_v2_topping_a90d/","2025-10-22T03:15:09.108761+00:00"